[{"model": "contenttypes.contenttype", "pk": 1, "fields": {"app_label": "admin", "model": "logentry"}}, {"model": "contenttypes.contenttype", "pk": 2, "fields": {"app_label": "auth", "model": "permission"}}, {"model": "contenttypes.contenttype", "pk": 3, "fields": {"app_label": "auth", "model": "group"}}, {"model": "contenttypes.contenttype", "pk": 4, "fields": {"app_label": "auth", "model": "user"}}, {"model": "contenttypes.contenttype", "pk": 5, "fields": {"app_label": "contenttypes", "model": "contenttype"}}, {"model": "contenttypes.contenttype", "pk": 6, "fields": {"app_label": "sessions", "model": "session"}}, {"model": "contenttypes.contenttype", "pk": 7, "fields": {"app_label": "User", "model": "user"}}, {"model": "contenttypes.contenttype", "pk": 8, "fields": {"app_label": "Quser", "model": "quser"}}, {"model": "contenttypes.contenttype", "pk": 9, "fields": {"app_label": "djcelery", "model": "crontabschedule"}}, {"model": "contenttypes.contenttype", "pk": 10, "fields": {"app_label": "djcelery", "model": "intervalschedule"}}, {"model": "contenttypes.contenttype", "pk": 11, "fields": {"app_label": "djcelery", "model": "workerstate"}}, {"model": "contenttypes.contenttype", "pk": 12, "fields": {"app_label": "djcelery", "model": "taskstate"}}, {"model": "contenttypes.contenttype", "pk": 13, "fields": {"app_label": "djcelery", "model": "taskmeta"}}, {"model": "contenttypes.contenttype", "pk": 14, "fields": {"app_label": "djcelery", "model": "periodictask"}}, {"model": "contenttypes.contenttype", "pk": 15, "fields": {"app_label": "djcelery", "model": "tasksetmeta"}}, {"model": "contenttypes.contenttype", "pk": 16, "fields": {"app_label": "djcelery", "model": "periodictasks"}}, {"model": "contenttypes.contenttype", "pk": 17, "fields": {"app_label": "Shop", "model": "goods"}}, {"model": "contenttypes.contenttype", "pk": 18, "fields": {"app_label": "Shop", "model": "goodstype"}}, {"model": "contenttypes.contenttype", "pk": 19, "fields": {"app_label": "Buyer", "model": "buycar"}}, {"model": "contenttypes.contenttype", "pk": 20, "fields": {"app_label": "Buyer", "model": "pay_order"}}, {"model": "contenttypes.contenttype", "pk": 21, "fields": {"app_label": "Buyer", "model": "order_info"}}, {"model": "sessions.session", "pk": "yk7it01kk02509ki23z75ugsdaaji9p7", "fields": {"session_data": "MGE3NTBiOGQzZDI1ZjlmYmRkMDA0YWU3MWJlN2Y2NDBiMjE4NmI5MDp7ImVtYWlsIjoibHhAcXEuY29tIn0=", "expire_date": "2019-11-18T19:05:59.847"}}, {"model": "Shop.goodstype", "pk": 1, "fields": {"name": "\u9ebb\u8fa3\u5730\u5e26", "picture": "buyer/images/\u706b\u95050.jpg"}}, {"model": "Shop.goodstype", "pk": 2, "fields": {"name": "\u5494\u6ecb\u5494\u6ecb", "picture": "buyer/images/\u9e21\u63920.jpg"}}, {"model": "Shop.goodstype", "pk": 3, "fields": {"name": "\u820c\u5c16\u7684\u8089", "picture": "buyer/images/\u725b\u63920.jpg"}}, {"model": "Shop.goods", "pk": 1, "fields": {"name": "\u6d41\u661f\u706b\u9505", "price": 50.0, "number": 100, "production": "2019-11-01T11:00:00", "safe_date": "24\u5c0f\u65f6", "picture": "shop/img/\u706b\u95054.jpg", "description": "<p>\u5178\u578b\u7684\u706b\u9505\u98df\u6750\u5305\u62ec\u5404\u79cd\u8089\u7c7b\u3001\u6d77\u9c9c\u7c7b\u3001\u852c\u83dc\u7c7b\u3001\u8c46\u5236\u54c1\u7c7b\u3001\u83cc\u83c7\u7c7b\u3001\u86cb\u7c7b\u5236\u54c1\u3001\u7c89\u4e1d\u7b49\uff0c\u5c06\u5176\u653e\u5165\u716e\u5f00\u7684\u6e05\u6c34\u6216\u7279\u5236\u7684\u9ad8\u6c64\u9505\u5e95\u70eb\u719f\u540e\u98df\u7528\u3002\u6709\u4e9b\u5403\u6cd5\u8fd8\u4f1a\u8638\u4e0a\u8c03\u5473\u6599&nbsp;\u4e00\u8d77\u98df\u7528\u3002</p>\r\n", "statue": 1, "goods_type": 1, "goods_store": 1}}, {"model": "Shop.goods", "pk": 2, "fields": {"name": "\u6d41\u661f\u706b\u9505", "price": 50.0, "number": 200, "production": "2019-10-31T11:00:00", "safe_date": "24", "picture": "buyer/images/\u706b\u95051.jpg", "description": "<p>&nbsp;</p>\r\n\r\n<p>\u5178\u578b\u7684\u706b\u9505\u98df\u6750\u5305\u62ec\u5404\u79cd<a href=\"https://baike.baidu.com/item/%E8%82%89%E7%B1%BB/352226\" target=\"_blank\">\u8089\u7c7b</a>\u3001<a href=\"https://baike.baidu.com/item/%E6%B5%B7%E9%B2%9C/1318\" target=\"_blank\">\u6d77\u9c9c</a>\u7c7b\u3001<a href=\"https://baike.baidu.com/item/%E8%94%AC%E8%8F%9C/453\" target=\"_blank\">\u852c\u83dc</a>\u7c7b\u3001<a href=\"https://baike.baidu.com/item/%E8%B1%86%E5%88%B6%E5%93%81\" target=\"_blank\">\u8c46\u5236\u54c1</a>\u7c7b\u3001<a href=\"https://baike.baidu.com/item/%E8%8F%8C/5343124\" target=\"_blank\">\u83cc</a><a href=\"https://baike.baidu.com/item/%E8%8F%87\" target=\"_blank\">\u83c7</a>\u7c7b\u3001<a href=\"https://baike.baidu.com/item/%E8%9B%8B%E7%B1%BB/6508260\" target=\"_blank\">\u86cb\u7c7b</a>\u5236\u54c1\u3001\u7c89\u4e1d\u7b49\uff0c\u5c06\u5176\u653e\u5165\u716e\u5f00\u7684\u6e05\u6c34\u6216\u7279\u5236\u7684\u9ad8\u6c64<a href=\"https://baike.baidu.com/item/%E9%94%85%E5%BA%95/3811037\" target=\"_blank\">\u9505\u5e95</a>\u70eb\u719f\u540e\u98df\u7528\u3002\u6709\u4e9b\u5403\u6cd5\u8fd8\u4f1a<a href=\"https://baike.baidu.com/item/%E8%98%B8/3629134\" target=\"_blank\">\u8638</a>\u4e0a<a href=\"https://baike.baidu.com/item/%E8%B0%83%E5%91%B3%E6%96%99/10827126\" target=\"_blank\">\u8c03\u5473\u6599</a>&nbsp;\u4e00\u8d77<a href=\"https://baike.baidu.com/item/%E9%A3%9F%E7%94%A8/2232401\" target=\"_blank\">\u98df\u7528</a>\u3002</p>\r\n", "statue": 1, "goods_type": 1, "goods_store": 1}}, {"model": "Shop.goods", "pk": 3, "fields": {"name": "\u8d85\u7ea7\u9e21\u6392\u996d", "price": 15.0, "number": 100, "production": "2019-11-01T11:00:00", "safe_date": "24\u5c0f\u65f6", "picture": "shop/img/\u9e21\u63922.jpg", "description": "<p><strong>\u9999\u8106\u9e21\u6392&nbsp;\u829d\u58eb\u5939\u5fc3\u9e21\u6392&nbsp;\u5965\u5c14\u826f\u9e21\u6392&nbsp; \u9ed1\u80e1\u6912&nbsp;\u9171\u6c41&nbsp;\u7c73\u996d</strong></p>\r\n\r\n<p>&nbsp;</p>\r\n", "statue": 1, "goods_type": 2, "goods_store": 1}}, {"model": "Shop.goods", "pk": 4, "fields": {"name": "\u9b54\u6cd5\u725b\u6392", "price": 20.0, "number": 100, "production": "2019-11-01T11:00:00", "safe_date": "24\u5c0f\u65f6", "picture": "shop/img/\u725b\u63922.jpg", "description": "<p><strong><span style=\"color:#2980b9\">T\u9aa8\u725b\u6392\uff08T&mdash;BONE\uff09\uff0c\u662f\u725b\u80cc\u4e0a\u7684\u810a\u9aa8\u8089\uff0c\u5448T\u5b57\u578b\uff0c\u4e24\u4fa7\u4e00\u8fb9\u662f\u83f2\u529b\uff0c\u53e6\u4e00\u8fb9\u662f\u897f\u51b7\uff0c\u65e2\u53ef\u4ee5\u5c1d\u5230\u83f2\u529b\u725b\u6392\u7684\u9c9c\u5ae9\u53c8\u53ef\u4ee5\u611f\u53d7\u5230\u897f\u51b7\u725b\u6392\u7684\u82b3\u9999\uff0c\u4e00\u4e3e\u4e24\u5f97\u3002</span></strong></p>\r\n", "statue": 1, "goods_type": 3, "goods_store": 1}}, {"model": "Shop.goods", "pk": 5, "fields": {"name": "\u9b54\u6cd5\u725b\u6392", "price": 22.0, "number": 111, "production": "2019-11-01T07:30:00", "safe_date": "24\u5c0f\u65f6", "picture": "shop/img/\u725b\u6392_yjmAmyd.jpg", "description": "<p>\u9b54\u6cd5\u725b\u6392\u9b54\u6cd5\u725b\u6392\u9b54\u6cd5\u725b\u6392\u9b54\u6cd5\u725b\u6392\u9b54\u6cd5\u725b\u6392\u9b54\u6cd5\u725b\u6392</p>\r\n", "statue": 1, "goods_type": 3, "goods_store": 1}}, {"model": "Shop.goods", "pk": 6, "fields": {"name": "\u8349\u8393\u6c14\u6ce1", "price": 10.0, "number": 111, "production": "2019-11-01T10:00:00", "safe_date": "24\u5c0f\u65f6", "picture": "shop/img/\u8349\u8393\u6c14\u6ce1_X8pbVfW.jpg", "description": "<p>\u8349\u8393\u6c14\u6ce1\u8349\u8393\u6c14\u6ce1\u8349\u8393\u6c14\u6ce1\u8349\u8393\u6c14\u6ce1\u8349\u8393\u6c14\u6ce1\u8349\u8393\u6c14\u6ce1\u8349\u8393\u6c14\u6ce1</p>\r\n", "statue": 1, "goods_type": 1, "goods_store": 6}}, {"model": "Shop.goods", "pk": 7, "fields": {"name": "\u516b\u6708\u672a\u592e", "price": 20.0, "number": 1111, "production": "2019-11-01T23:00:00", "safe_date": "24\u5c0f\u65f6", "picture": "shop/img/\u516b\u6708\u672a\u592e.jpg", "description": "<p>\u516b\u6708\u672a\u592e\u516b\u6708\u672a\u592e\u516b\u6708\u672a\u592e\u516b\u6708\u672a\u592e\u516b\u6708\u672a\u592e\u516b\u6708\u672a\u592e</p>\r\n", "statue": 1, "goods_type": 3, "goods_store": 6}}, {"model": "Shop.goods", "pk": 8, "fields": {"name": "\u4e07\u5723\u7075\u836f", "price": 30.0, "number": 100, "production": "2019-10-31T00:00:00", "safe_date": "24\u5c0f\u65f6", "picture": "shop/img/\u4e07\u5723\u7075\u836f.jpg", "description": "<p>\u5f00\u59cb\u8bb8\u613f\u5427&nbsp; \u4f1a\u6709\u4ec0\u4e48\u7ed3\u679c\u5462~</p>\r\n", "statue": 1, "goods_type": 2, "goods_store": 6}}, {"model": "Shop.goods", "pk": 9, "fields": {"name": "\u72ec\u89d2\u517d\u4e4b\u543b", "price": 90.0, "number": 100, "production": "2019-11-02T00:00:00", "safe_date": "24\u5c0f\u65f6", "picture": "shop/img/\u72ec\u89d2\u517d\u4e4b\u543b.jpg", "description": "<p>\u72ec\u89d2\u517d\u4e4b\u543b\u72ec\u89d2\u517d\u4e4b\u543b\u72ec\u89d2\u517d\u4e4b\u543b\u72ec\u89d2\u517d\u4e4b\u543b</p>\r\n", "statue": 1, "goods_type": 1, "goods_store": 6}}, {"model": "Shop.goods", "pk": 10, "fields": {"name": "\u5a01\u5ec9\u65e5\u8bb0", "price": 80.0, "number": 100, "production": "2019-11-02T00:00:00", "safe_date": "24\u5c0f\u65f6", "picture": "shop/img/\u5a01\u5ec9\u65e5\u8bb0.jpg", "description": "<p>\u5a01\u5ec9\u65e5\u8bb0\u5a01\u5ec9\u65e5\u8bb0\u5a01\u5ec9\u65e5\u8bb0\u5a01\u5ec9\u65e5\u8bb0\u5a01\u5ec9\u65e5\u8bb0</p>\r\n", "statue": 1, "goods_type": 2, "goods_store": 6}}, {"model": "Shop.goods", "pk": 11, "fields": {"name": "\u8d85\u7ea7\u9e21\u6392\u996d", "price": 20.0, "number": 100, "production": "2019-11-02T11:35:00", "safe_date": "24\u5c0f\u65f6", "picture": "shop/img/\u9e21\u63923.jpg", "description": "<p>\u8d85\u7ea7\u9e21\u6392\u996d\u8d85\u7ea7\u9e21\u6392\u996d\u8d85\u7ea7\u9e21\u6392\u996d\u8d85\u7ea7\u9e21\u6392\u996d\u8d85\u7ea7\u9e21\u6392\u996d\u8d85\u7ea7\u9e21\u6392\u996d</p>\r\n", "statue": 1, "goods_type": 2, "goods_store": 1}}, {"model": "Shop.goods", "pk": 12, "fields": {"name": "\u6d41\u5149\u98de\u821e", "price": 100.0, "number": 10, "production": "2019-11-02T19:30:00", "safe_date": "24\u5c0f\u65f6", "picture": "shop/img/\u6d41\u5149\u98de\u821e.jpg", "description": "<p>\u6d41\u5149\u98de\u821e\u6d41\u5149\u98de\u821e\u6d41\u5149\u98de\u821e\u6d41\u5149\u98de\u821e\u6d41\u5149\u98de\u821e</p>\r\n", "statue": 1, "goods_type": 3, "goods_store": 6}}, {"model": "Quser.quser", "pk": 1, "fields": {"email": "lx@qq.com", "password": "202cb962ac59075b964b07152d234b70", "username": "\u9c81\u8fc5", "gender": "\u7537", "age": 18, "phone": "111", "address": "\u6d59\u6c5f\u7701\u7ecd\u5174\u5e02", "picture": "image/2_hPBoFpZ.jpg", "identity": 1}}, {"model": "Quser.quser", "pk": 2, "fields": {"email": "aa@l63.com", "password": "202cb962ac59075b964b07152d234b70", "username": "aa@l63.com", "gender": null, "age": null, "phone": null, "address": null, "picture": "/image/0.jpg", "identity": 0}}, {"model": "Quser.quser", "pk": 3, "fields": {"email": "273116327@qq.com", "password": "81dc9bdb52d04dc20036dbd8313ed055", "username": "273116327@qq.com", "gender": null, "age": null, "phone": null, "address": null, "picture": "/image/0.jpg", "identity": 2}}, {"model": "Quser.quser", "pk": 4, "fields": {"email": "1527473992@qq.com", "password": "202cb962ac59075b964b07152d234b70", "username": "1527473992@qq.com", "gender": null, "age": null, "phone": null, "address": null, "picture": "/image/0.jpg", "identity": 0}}, {"model": "Quser.quser", "pk": 6, "fields": {"email": "mdz@qq.com", "password": "81dc9bdb52d04dc20036dbd8313ed055", "username": "mdz@qq.com", "gender": "\u5973", "age": 18, "phone": "111", "address": "111", "picture": "image/1_QJXdz5M.jpg", "identity": 1}}, {"model": "Quser.quser", "pk": 7, "fields": {"email": "jerry@qq.com", "password": "25d55ad283aa400af464c76d713c07ad", "username": "jerry@qq.com", "gender": null, "age": null, "phone": null, "address": null, "picture": "/image/0.jpg", "identity": 0}}, {"model": "djcelery.intervalschedule", "pk": 1, "fields": {"every": 2, "period": "seconds"}}, {"model": "djcelery.intervalschedule", "pk": 2, "fields": {"every": 5, "period": "seconds"}}, {"model": "djcelery.intervalschedule", "pk": 3, "fields": {"every": 1, "period": "seconds"}}, {"model": "djcelery.crontabschedule", "pk": 1, "fields": {"minute": "0", "hour": "4", "day_of_week": "*", "day_of_month": "*", "month_of_year": "*"}}, {"model": "djcelery.periodictasks", "pk": 1, "fields": {"last_update": "2019-10-28T22:18:45.291"}}, {"model": "djcelery.periodictask", "pk": 1, "fields": {"name": "celery.backend_cleanup", "task": "celery.backend_cleanup", "interval": null, "crontab": 1, "args": "[]", "kwargs": "{}", "queue": null, "exchange": null, "routing_key": null, "expires": null, "enabled": true, "last_run_at": null, "total_run_count": 0, "date_changed": "2019-10-28T22:18:45.242", "description": ""}}, {"model": "djcelery.periodictask", "pk": 2, "fields": {"name": "\u6d4b\u8bd5\u4efb\u52a11", "task": "CeleryTask.tasks.add", "interval": 3, "crontab": null, "args": "[]", "kwargs": "{}", "queue": null, "exchange": null, "routing_key": null, "expires": null, "enabled": true, "last_run_at": "2019-10-28T14:18:50.453", "total_run_count": 624, "date_changed": "2019-10-28T22:18:51.367", "description": ""}}, {"model": "djcelery.periodictask", "pk": 4, "fields": {"name": "\u6d4b\u8bd5\u4efb\u52a12", "task": "CeleryTask.tasks.sendmail", "interval": 2, "crontab": null, "args": "[]", "kwargs": "{}", "queue": null, "exchange": null, "routing_key": null, "expires": null, "enabled": true, "last_run_at": "2019-10-28T14:18:50.428", "total_run_count": 3, "date_changed": "2019-10-28T22:18:51.386", "description": ""}}, {"model": "Buyer.buycar", "pk": 1, "fields": {"car_user": "lx@qq.com", "goods_name": "\u6d41\u661f\u706b\u9505", "goods_picture": "shop/img/\u706b\u95054.jpg", "goods_price": 50.0, "goods_number": 1, "goods_total": 50.0, "goods_store": 1, "goods_id": 1}}, {"model": "Buyer.buycar", "pk": 2, "fields": {"car_user": "lx@qq.com", "goods_name": "\u516b\u6708\u672a\u592e", "goods_picture": "shop/img/\u516b\u6708\u672a\u592e.jpg", "goods_price": 20.0, "goods_number": 1, "goods_total": 20.0, "goods_store": 6, "goods_id": 1}}, {"model": "Buyer.buycar", "pk": 3, "fields": {"car_user": "lx@qq.com", "goods_name": "\u4e07\u5723\u7075\u836f", "goods_picture": "shop/img/\u4e07\u5723\u7075\u836f.jpg", "goods_price": 30.0, "goods_number": 1, "goods_total": 30.0, "goods_store": 6, "goods_id": 1}}, {"model": "Buyer.buycar", "pk": 4, "fields": {"car_user": "lx@qq.com", "goods_name": "\u6d41\u661f\u706b\u9505", "goods_picture": "shop/img/\u706b\u95054.jpg", "goods_price": 50.0, "goods_number": 1, "goods_total": 50.0, "goods_store": 1, "goods_id": 1}}, {"model": "Buyer.buycar", "pk": 5, "fields": {"car_user": "lx@qq.com", "goods_name": "\u72ec\u89d2\u517d\u4e4b\u543b", "goods_picture": "shop/img/\u72ec\u89d2\u517d\u4e4b\u543b.jpg", "goods_price": 90.0, "goods_number": 1, "goods_total": 90.0, "goods_store": 6, "goods_id": 1}}, {"model": "Buyer.buycar", "pk": 6, "fields": {"car_user": "jerry@qq.com", "goods_name": "\u8d85\u7ea7\u9e21\u6392\u996d", "goods_picture": "shop/img/\u9e21\u63922.jpg", "goods_price": 15.0, "goods_number": 2, "goods_total": 30.0, "goods_store": 1, "goods_id": 1}}, {"model": "Buyer.pay_order", "pk": 1, "fields": {"order_id": "15728677487053227", "order_time": "2019-11-04T19:42:28.707", "order_number": 2, "order_total": 0.0, "order_state": 0, "order_user": 1}}, {"model": "Buyer.pay_order", "pk": 2, "fields": {"order_id": "15728678430906222", "order_time": "2019-11-04T19:44:03.091", "order_number": 5, "order_total": 0.0, "order_state": 0, "order_user": 1}}, {"model": "Buyer.pay_order", "pk": 3, "fields": {"order_id": "15728683148299305", "order_time": "2019-11-04T19:51:54.830", "order_number": 1, "order_total": 0.0, "order_state": 0, "order_user": 1}}, {"model": "Buyer.pay_order", "pk": 4, "fields": {"order_id": "15728684607455714", "order_time": "2019-11-04T19:54:22.977", "order_number": 2, "order_total": 0.0, "order_state": 0, "order_user": 1}}, {"model": "Buyer.pay_order", "pk": 5, "fields": {"order_id": "1572868934755159", "order_time": "2019-11-04T20:02:14.757", "order_number": 1, "order_total": 0.0, "order_state": 0, "order_user": 1}}, {"model": "Buyer.pay_order", "pk": 6, "fields": {"order_id": "15728689642192554", "order_time": "2019-11-04T20:02:44.220", "order_number": 1, "order_total": 0.0, "order_state": 0, "order_user": 1}}, {"model": "Buyer.pay_order", "pk": 7, "fields": {"order_id": "1572869177428006", "order_time": "2019-11-04T20:06:17.429", "order_number": 1, "order_total": 0.0, "order_state": 0, "order_user": 1}}, {"model": "Buyer.pay_order", "pk": 8, "fields": {"order_id": "15728692371796021", "order_time": "2019-11-04T20:07:17.238", "order_number": 5, "order_total": 157.0, "order_state": 0, "order_user": 1}}, {"model": "Buyer.pay_order", "pk": 9, "fields": {"order_id": "15728692507726133", "order_time": "2019-11-04T20:07:30.835", "order_number": 5, "order_total": 157.0, "order_state": 0, "order_user": 1}}, {"model": "Buyer.order_info", "pk": 1, "fields": {"order_id": 8, "goods_name": "\u6d41\u661f\u706b\u9505", "goods_number": 1, "goods_price": 50.0, "goods_total": 50.0, "goods_picture": "/media/shop/img/%E7%81%AB%E9%94%854.jpg", "order_store": 1}}, {"model": "Buyer.order_info", "pk": 2, "fields": {"order_id": 8, "goods_name": "\u9b54\u6cd5\u725b\u6392", "goods_number": 1, "goods_price": 20.0, "goods_total": 20.0, "goods_picture": "/media/shop/img/%E7%89%9B%E6%8E%922.jpg", "order_store": 1}}, {"model": "Buyer.order_info", "pk": 3, "fields": {"order_id": 8, "goods_name": "\u6d41\u661f\u706b\u9505", "goods_number": 1, "goods_price": 50.0, "goods_total": 50.0, "goods_picture": "/media/buyer/images/%E7%81%AB%E9%94%851.jpg", "order_store": 1}}, {"model": "Buyer.order_info", "pk": 4, "fields": {"order_id": 8, "goods_name": "\u8d85\u7ea7\u9e21\u6392\u996d", "goods_number": 1, "goods_price": 15.0, "goods_total": 15.0, "goods_picture": "/media/shop/img/%E9%B8%A1%E6%8E%922.jpg", "order_store": 1}}, {"model": "Buyer.order_info", "pk": 5, "fields": {"order_id": 8, "goods_name": "\u9b54\u6cd5\u725b\u6392", "goods_number": 1, "goods_price": 22.0, "goods_total": 22.0, "goods_picture": "/media/shop/img/%E7%89%9B%E6%8E%92_yjmAmyd.jpg", "order_store": 1}}, {"model": "Buyer.order_info", "pk": 6, "fields": {"order_id": 9, "goods_name": "\u6d41\u661f\u706b\u9505", "goods_number": 1, "goods_price": 50.0, "goods_total": 50.0, "goods_picture": "/media/shop/img/%E7%81%AB%E9%94%854.jpg", "order_store": 1}}, {"model": "Buyer.order_info", "pk": 7, "fields": {"order_id": 9, "goods_name": "\u9b54\u6cd5\u725b\u6392", "goods_number": 1, "goods_price": 20.0, "goods_total": 20.0, "goods_picture": "/media/shop/img/%E7%89%9B%E6%8E%922.jpg", "order_store": 1}}, {"model": "Buyer.order_info", "pk": 8, "fields": {"order_id": 9, "goods_name": "\u6d41\u661f\u706b\u9505", "goods_number": 1, "goods_price": 50.0, "goods_total": 50.0, "goods_picture": "/media/buyer/images/%E7%81%AB%E9%94%851.jpg", "order_store": 1}}, {"model": "Buyer.order_info", "pk": 9, "fields": {"order_id": 9, "goods_name": "\u8d85\u7ea7\u9e21\u6392\u996d", "goods_number": 1, "goods_price": 15.0, "goods_total": 15.0, "goods_picture": "/media/shop/img/%E9%B8%A1%E6%8E%922.jpg", "order_store": 1}}, {"model": "Buyer.order_info", "pk": 10, "fields": {"order_id": 9, "goods_name": "\u9b54\u6cd5\u725b\u6392", "goods_number": 1, "goods_price": 22.0, "goods_total": 22.0, "goods_picture": "/media/shop/img/%E7%89%9B%E6%8E%92_yjmAmyd.jpg", "order_store": 1}}, {"model": "auth.permission", "pk": 1, "fields": {"name": "Can add log entry", "content_type": 1, "codename": "add_logentry"}}, {"model": "auth.permission", "pk": 2, "fields": {"name": "Can change log entry", "content_type": 1, "codename": "change_logentry"}}, {"model": "auth.permission", "pk": 3, "fields": {"name": "Can delete log entry", "content_type": 1, "codename": "delete_logentry"}}, {"model": "auth.permission", "pk": 4, "fields": {"name": "Can view log entry", "content_type": 1, "codename": "view_logentry"}}, {"model": "auth.permission", "pk": 5, "fields": {"name": "Can add permission", "content_type": 2, "codename": "add_permission"}}, {"model": "auth.permission", "pk": 6, "fields": {"name": "Can change permission", "content_type": 2, "codename": "change_permission"}}, {"model": "auth.permission", "pk": 7, "fields": {"name": "Can delete permission", "content_type": 2, "codename": "delete_permission"}}, {"model": "auth.permission", "pk": 8, "fields": {"name": "Can view permission", "content_type": 2, "codename": "view_permission"}}, {"model": "auth.permission", "pk": 9, "fields": {"name": "Can add group", "content_type": 3, "codename": "add_group"}}, {"model": "auth.permission", "pk": 10, "fields": {"name": "Can change group", "content_type": 3, "codename": "change_group"}}, {"model": "auth.permission", "pk": 11, "fields": {"name": "Can delete group", "content_type": 3, "codename": "delete_group"}}, {"model": "auth.permission", "pk": 12, "fields": {"name": "Can view group", "content_type": 3, "codename": "view_group"}}, {"model": "auth.permission", "pk": 13, "fields": {"name": "Can add user", "content_type": 4, "codename": "add_user"}}, {"model": "auth.permission", "pk": 14, "fields": {"name": "Can change user", "content_type": 4, "codename": "change_user"}}, {"model": "auth.permission", "pk": 15, "fields": {"name": "Can delete user", "content_type": 4, "codename": "delete_user"}}, {"model": "auth.permission", "pk": 16, "fields": {"name": "Can view user", "content_type": 4, "codename": "view_user"}}, {"model": "auth.permission", "pk": 17, "fields": {"name": "Can add content type", "content_type": 5, "codename": "add_contenttype"}}, {"model": "auth.permission", "pk": 18, "fields": {"name": "Can change content type", "content_type": 5, "codename": "change_contenttype"}}, {"model": "auth.permission", "pk": 19, "fields": {"name": "Can delete content type", "content_type": 5, "codename": "delete_contenttype"}}, {"model": "auth.permission", "pk": 20, "fields": {"name": "Can view content type", "content_type": 5, "codename": "view_contenttype"}}, {"model": "auth.permission", "pk": 21, "fields": {"name": "Can add session", "content_type": 6, "codename": "add_session"}}, {"model": "auth.permission", "pk": 22, "fields": {"name": "Can change session", "content_type": 6, "codename": "change_session"}}, {"model": "auth.permission", "pk": 23, "fields": {"name": "Can delete session", "content_type": 6, "codename": "delete_session"}}, {"model": "auth.permission", "pk": 24, "fields": {"name": "Can view session", "content_type": 6, "codename": "view_session"}}, {"model": "auth.permission", "pk": 25, "fields": {"name": "Can add user", "content_type": 7, "codename": "add_user"}}, {"model": "auth.permission", "pk": 26, "fields": {"name": "Can change user", "content_type": 7, "codename": "change_user"}}, {"model": "auth.permission", "pk": 27, "fields": {"name": "Can delete user", "content_type": 7, "codename": "delete_user"}}, {"model": "auth.permission", "pk": 28, "fields": {"name": "Can view user", "content_type": 7, "codename": "view_user"}}, {"model": "auth.permission", "pk": 29, "fields": {"name": "Can add user", "content_type": 8, "codename": "add_user"}}, {"model": "auth.permission", "pk": 30, "fields": {"name": "Can change user", "content_type": 8, "codename": "change_user"}}, {"model": "auth.permission", "pk": 31, "fields": {"name": "Can delete user", "content_type": 8, "codename": "delete_user"}}, {"model": "auth.permission", "pk": 32, "fields": {"name": "Can view user", "content_type": 8, "codename": "view_user"}}, {"model": "auth.permission", "pk": 33, "fields": {"name": "Can add quser", "content_type": 8, "codename": "add_quser"}}, {"model": "auth.permission", "pk": 34, "fields": {"name": "Can change quser", "content_type": 8, "codename": "change_quser"}}, {"model": "auth.permission", "pk": 35, "fields": {"name": "Can delete quser", "content_type": 8, "codename": "delete_quser"}}, {"model": "auth.permission", "pk": 36, "fields": {"name": "Can view quser", "content_type": 8, "codename": "view_quser"}}, {"model": "auth.permission", "pk": 37, "fields": {"name": "Can add crontab", "content_type": 9, "codename": "add_crontabschedule"}}, {"model": "auth.permission", "pk": 38, "fields": {"name": "Can change crontab", "content_type": 9, "codename": "change_crontabschedule"}}, {"model": "auth.permission", "pk": 39, "fields": {"name": "Can delete crontab", "content_type": 9, "codename": "delete_crontabschedule"}}, {"model": "auth.permission", "pk": 40, "fields": {"name": "Can view crontab", "content_type": 9, "codename": "view_crontabschedule"}}, {"model": "auth.permission", "pk": 41, "fields": {"name": "Can add periodic task", "content_type": 14, "codename": "add_periodictask"}}, {"model": "auth.permission", "pk": 42, "fields": {"name": "Can change periodic task", "content_type": 14, "codename": "change_periodictask"}}, {"model": "auth.permission", "pk": 43, "fields": {"name": "Can delete periodic task", "content_type": 14, "codename": "delete_periodictask"}}, {"model": "auth.permission", "pk": 44, "fields": {"name": "Can view periodic task", "content_type": 14, "codename": "view_periodictask"}}, {"model": "auth.permission", "pk": 45, "fields": {"name": "Can add interval", "content_type": 10, "codename": "add_intervalschedule"}}, {"model": "auth.permission", "pk": 46, "fields": {"name": "Can change interval", "content_type": 10, "codename": "change_intervalschedule"}}, {"model": "auth.permission", "pk": 47, "fields": {"name": "Can delete interval", "content_type": 10, "codename": "delete_intervalschedule"}}, {"model": "auth.permission", "pk": 48, "fields": {"name": "Can view interval", "content_type": 10, "codename": "view_intervalschedule"}}, {"model": "auth.permission", "pk": 49, "fields": {"name": "Can add periodic tasks", "content_type": 16, "codename": "add_periodictasks"}}, {"model": "auth.permission", "pk": 50, "fields": {"name": "Can change periodic tasks", "content_type": 16, "codename": "change_periodictasks"}}, {"model": "auth.permission", "pk": 51, "fields": {"name": "Can delete periodic tasks", "content_type": 16, "codename": "delete_periodictasks"}}, {"model": "auth.permission", "pk": 52, "fields": {"name": "Can view periodic tasks", "content_type": 16, "codename": "view_periodictasks"}}, {"model": "auth.permission", "pk": 53, "fields": {"name": "Can add task state", "content_type": 13, "codename": "add_taskmeta"}}, {"model": "auth.permission", "pk": 54, "fields": {"name": "Can change task state", "content_type": 13, "codename": "change_taskmeta"}}, {"model": "auth.permission", "pk": 55, "fields": {"name": "Can delete task state", "content_type": 13, "codename": "delete_taskmeta"}}, {"model": "auth.permission", "pk": 56, "fields": {"name": "Can view task state", "content_type": 13, "codename": "view_taskmeta"}}, {"model": "auth.permission", "pk": 57, "fields": {"name": "Can add saved group result", "content_type": 15, "codename": "add_tasksetmeta"}}, {"model": "auth.permission", "pk": 58, "fields": {"name": "Can change saved group result", "content_type": 15, "codename": "change_tasksetmeta"}}, {"model": "auth.permission", "pk": 59, "fields": {"name": "Can delete saved group result", "content_type": 15, "codename": "delete_tasksetmeta"}}, {"model": "auth.permission", "pk": 60, "fields": {"name": "Can view saved group result", "content_type": 15, "codename": "view_tasksetmeta"}}, {"model": "auth.permission", "pk": 61, "fields": {"name": "Can add task", "content_type": 12, "codename": "add_taskstate"}}, {"model": "auth.permission", "pk": 62, "fields": {"name": "Can change task", "content_type": 12, "codename": "change_taskstate"}}, {"model": "auth.permission", "pk": 63, "fields": {"name": "Can delete task", "content_type": 12, "codename": "delete_taskstate"}}, {"model": "auth.permission", "pk": 64, "fields": {"name": "Can view task", "content_type": 12, "codename": "view_taskstate"}}, {"model": "auth.permission", "pk": 65, "fields": {"name": "Can add worker", "content_type": 11, "codename": "add_workerstate"}}, {"model": "auth.permission", "pk": 66, "fields": {"name": "Can change worker", "content_type": 11, "codename": "change_workerstate"}}, {"model": "auth.permission", "pk": 67, "fields": {"name": "Can delete worker", "content_type": 11, "codename": "delete_workerstate"}}, {"model": "auth.permission", "pk": 68, "fields": {"name": "Can view worker", "content_type": 11, "codename": "view_workerstate"}}, {"model": "auth.permission", "pk": 69, "fields": {"name": "Can add goods", "content_type": 17, "codename": "add_goods"}}, {"model": "auth.permission", "pk": 70, "fields": {"name": "Can change goods", "content_type": 17, "codename": "change_goods"}}, {"model": "auth.permission", "pk": 71, "fields": {"name": "Can delete goods", "content_type": 17, "codename": "delete_goods"}}, {"model": "auth.permission", "pk": 72, "fields": {"name": "Can view goods", "content_type": 17, "codename": "view_goods"}}, {"model": "auth.permission", "pk": 73, "fields": {"name": "Can add goods type", "content_type": 18, "codename": "add_goodstype"}}, {"model": "auth.permission", "pk": 74, "fields": {"name": "Can change goods type", "content_type": 18, "codename": "change_goodstype"}}, {"model": "auth.permission", "pk": 75, "fields": {"name": "Can delete goods type", "content_type": 18, "codename": "delete_goodstype"}}, {"model": "auth.permission", "pk": 76, "fields": {"name": "Can view goods type", "content_type": 18, "codename": "view_goodstype"}}, {"model": "auth.permission", "pk": 77, "fields": {"name": "Can add buy car", "content_type": 19, "codename": "add_buycar"}}, {"model": "auth.permission", "pk": 78, "fields": {"name": "Can change buy car", "content_type": 19, "codename": "change_buycar"}}, {"model": "auth.permission", "pk": 79, "fields": {"name": "Can delete buy car", "content_type": 19, "codename": "delete_buycar"}}, {"model": "auth.permission", "pk": 80, "fields": {"name": "Can view buy car", "content_type": 19, "codename": "view_buycar"}}, {"model": "auth.permission", "pk": 81, "fields": {"name": "Can add pay_order", "content_type": 20, "codename": "add_pay_order"}}, {"model": "auth.permission", "pk": 82, "fields": {"name": "Can change pay_order", "content_type": 20, "codename": "change_pay_order"}}, {"model": "auth.permission", "pk": 83, "fields": {"name": "Can delete pay_order", "content_type": 20, "codename": "delete_pay_order"}}, {"model": "auth.permission", "pk": 84, "fields": {"name": "Can view pay_order", "content_type": 20, "codename": "view_pay_order"}}, {"model": "auth.permission", "pk": 85, "fields": {"name": "Can add order_info", "content_type": 21, "codename": "add_order_info"}}, {"model": "auth.permission", "pk": 86, "fields": {"name": "Can change order_info", "content_type": 21, "codename": "change_order_info"}}, {"model": "auth.permission", "pk": 87, "fields": {"name": "Can delete order_info", "content_type": 21, "codename": "delete_order_info"}}, {"model": "auth.permission", "pk": 88, "fields": {"name": "Can view order_info", "content_type": 21, "codename": "view_order_info"}}]